41;-30.657839171076326;-42.65821572874438;Brandon Hegmann:70,Graham Brown:53,Araceli Stoltenberg:3,Mrs. Aidan Huels:74,Cheyanne Schmitt:46,Hailee Kirlin:52;porro,sequi,tempore;1402299653
26;-5.232104388514841;-55.3535622433038;Amara Davis:68,Percival Fritsch IV:37,Noble Skiles:90,Mrs. Emery Franecki:51,Francis Konopelski IV:43,Carlee Vandervort PhD:23,Jaquelin Leuschke:25,Miss Myles Lebsack:2;optio,qui,aut,hic,aspernatur,mollitia,voluptas,quos,atque,qui;1320554449
3;-23.72829217727299;-52.43308775129192;Margaret West:9,Maci Howe:75,Elinor Homenick:70,Claud Quigley Jr.:49,Julian Bosco:91,Manuela Gleichner:2,Arjun Stracke:97;quo,aut,qui,iusto,provident,occaecati,est,temporibus,nihil;734951811
107;-45.55786048513654;-106.78313955673049;Nikki Daniel:11,Ms. Myrtle Herzog:20,Judy Cassin:0,Lynn Cartwright:45,Chance Howe PhD:66,Ms. Abe Mann:51,Shania Dibbert:98,Quinton Bartell:94,Mr. Skyla Beatty:12,Maurine Russel:99,Cristian Bins:96;earum;1138922066
64;-74.46316334081453;-126.12657687444576;Edison Schoen:22,Mackenzie Prohaska:28,Ethel Sporer:30,Katelynn Robel MD:75;commodi,aut,dolores;1147872194
114;55.74593513999116;-26.184042072232103;Ned Jast:0,Shany Kshlerin Jr.:87;et,sint,sequi,doloribus,aliquid,natus,est;1158861057
14;16.684113991034025;-96.53842369646074;Rocky Reinger II:94,Blanche Kshlerin:41,Reanna Kunde:27,Margarete Muller:47,Lulu Jast:71,Kasey Grimes:95,Cecilia Lubowitz:35;non,facilis,repellendus;1257884153
33;46.25355013037185;-132.02642074871204;Pink Cassin:78,Kenna Hodkiewicz:74;illum,laboriosam,perferendis,sed,qui,dolorum;3854998
62;47.395427847585296;20.522162457242104;Elna Kreiger:9,Carmel Zemlak:21,Wilhelm Lueilwitz:55,Eladio Price II:34,Selmer Weber:13,Nyasia Beier:71;voluptas,et;452417966
0;33.30122470333751;-144.68914040079403;Marjolaine Runolfsdottir:1,Genevieve Eichmann:91,Kayla Reynolds:9,Kadin Dibbert:43,Jayden Harris:45,Kraig Schuppe:65,Miss Alphonso Corkery:40;ea,praesentium,non,enim,doloribus,qui,perferendis;1148949120
23;56.68051217984976;51.13713712549091;Gardner Botsford:51,Willy Altenwerth:50;aliquam,quae,fuga,et,ut,est,iure;1423042737
81;75.64378922129558;158.03259676970504;Alycia Osinski:87,Rashawn Cormier:67,Kaleigh Bins:59,Jena Klein:41,Allan Bechtelar:48,Miss Leta Williamson:100,Cynthia Skiles:51;consectetur,odio,tempore;169562751
85;65.90809943700862;56.16936194552335;Carolina Mills:51,Liza Wunsch:23,Francis Legros:4,Genoveva Gutkowski:75,Andreane McClure:39,Delilah Jakubowski:26,Markus Metz DDS:34;ipsam,libero,id,qui,aut,quibusdam,sed,vitae;427786696
35;20.451609447075555;131.6225037493017;Miracle Gerlach:90,Gillian Gusikowski:35,Owen Von Sr.:50;harum,sunt,delectus,delectus,facilis,aliquam,eum,rerum,sunt;1028590119
96;-64.329075192118;1.5153175972520785;Triston Pacocha:7,Miss Maudie Swaniawski:56,Lavonne Wiegand:58,Lamar Ernser:19,Serena Greenfelder:50,Ms. Jarvis Fay:95;reiciendis;132233577
10;86.19479774857453;128.8095414930254;Anastacio Schumm:60,Ms. Laury Bashirian:29,Kendra Ruecker:48,Mr. Clovis Botsford:98,Ewald West:85,Mr. Candido Purdy:62,Dr. Deonte Welch:98,Simone Gorczany PhD:18,Loyce Kuphal:82,Wendy Breitenberg III:73,Dax Miller Jr.:74;non,sunt;316522807
35;61.33284094744846;-22.15211276135136;Miss Icie Grady:52,Shyann Hackett:13,Dr. Betty Bergnaum:63,Jannie Langworth:87,Conor Funk II:72,Madonna Wuckert:20,Margret Ledner:61,Cleta Huel:86;quibusdam,ipsa,laborum,quae;1478237828
10;27.774169280918642;40.193168682057575;Roberta Yost:79,Saige Hegmann:76,Estevan Brekke I:100,Alberta Kovacek:70,Carlotta Davis:44,Rhett West IV:71,Mrs. Jerod Abernathy:42,Allene Rowe:96,Otha Cole:75,Brando Stark V:17;dolore,consequatur;220559093
15;-73.87673474624967;99.29213390780842;Julian Hahn:63,Blair Sipes:30,Kailey Goodwin:16,Dominic Bahringer:44,Zaria Heidenreich:48,Manley Stroman:8;rerum,aut,itaque,ut,esse,quas;491478689
6;88.20209665364828;16.378075210182374;Elisha Gutkowski II:38,Kiel Hand II:86,Clark Swaniawski:11,Mack Nikolaus:35,Libby Durgan:4,Ezequiel Hyatt:34,Green Gislason:71,Kristofer Boyer:32,Brando Frami:47,Porter Torphy:52,Grady Bruen:76;dolores,quia,voluptatem,deserunt,asperiores;1256392356
47;-88.88521243819979;33.7470341602903;Wilhelmine Greenfelder:1,Kelly Cronin IV:66,Laron Weissnat:48,Micah Kuhn:76,Ole O'Connell:76,Ulises Abbott:64,Myrna Abbott:45;explicabo,ab,animi;1427907121
45;-43.162920261560906;-97.11392102068908;Freeman Schumm PhD:22,Maryjane Jerde:99,Kasandra Brown:33,Mrs. Laurel Kuhlman:21,Jalon Lebsack:78,Tyra Kuvalis:5,Emory Will:99,Christopher Parisian:8;ut,nesciunt,fugit,consequatur,a,neque;1185636865
78;13.09213510624744;-102.2050727566675;Neil Champlin:94,Selmer Rosenbaum:20,Mikayla Bergnaum:10,Odessa Beier:17,Dr. Christian Frami:25,Mr. Lelia Mueller:34,Darby Schultz:97,Dr. Coby DuBuque:4;dolor,ut,illum,qui,ex,est,cupiditate,non;287644746
39;8.908855125867134;59.58026634344313;Skye Eichmann:79,Camren Blick:53,Koby Hudson:61,Elissa Harber PhD:0,Alden Schowalter:80,Mrs. Abraham Morar:60,Marta Bogisich Sr.:21;quam,aperiam,tempora,facere,rerum,quia;619986644
59;-82.45866636037722;-94.28215255577473;Eugene Gutmann:77,Kamille Runte III:27,Camille Abbott V:75,Napoleon Lindgren:63,Kristoffer Casper:85,Jacky Kozey:82;est,omnis,fugiat,labore,id,beatae,dolorem,aperiam;539777399
36;-64.27312091884863;144.71776590297281;Annabell Schroeder:82,Mikayla Lueilwitz:22,Vito Rodriguez II:39,Weston Pouros:31,Nigel Cartwright:24,Derick Armstrong:10;suscipit,sint;746803876
56;7.012741611939134;-128.71957372236668;Kurtis Murazik DVM:71,Haylie Auer:34,Mrs. Mervin Boehm:25;et,recusandae,porro,in,sint,quibusdam,fugit,in,repudiandae;585381973
37;-0.8251794857753367;48.37873973730879;Magnus Spinka MD:45,Emiliano Huels:9,Fatima Klein:21,Paul Gutkowski:94;incidunt,ad,soluta,ipsa;255040451
31;-22.013747033549222;-167.2789568491314;Garnet Rowe:73,Nella Kerluke:97,Tanya Padberg:66,Herman Veum:34,Mrs. Hazle Ondricka:30,Caleb Quigley:5;quia,nesciunt,voluptates,veniam;1247590877
8;34.386191629523054;121.51852066187223;Clay Graham:73,Mr. Shirley Howe:85,Gilda Howell:0,Dorothea Ferry:2,Laron Windler:73,Sienna Gibson:63,Dr. Fritz Doyle:73,Dr. Pascale Wisozk:23,Jamal Gutkowski:94,Erick Crist:16;minima,debitis,voluptatem,minus,qui,soluta,libero,odit;1146600334
69;60.2852533817765;-25.118212052199453;Ramon Flatley:89,Raheem Hermann:32,Miss Scotty Kuhic:81,Raina Rice:15;facilis,aut,ut,corrupti,ex,minus;175628991
59;-60.08650882151299;167.64233410222914;Tyreek O'Reilly:10,Hosea Lynch:71,Dr. Ines Wisozk:72;odit,sequi,perferendis,et,odit;934470310
42;64.9080625798255;-39.5317761660186;Ivy Bartoletti:75,Amy Keebler Sr.:50,Russ Reilly:33,Bonita Marvin:70,Donnell Swift:57,Dylan Herman:66;et,est,quia,ipsum,id,amet,et,et,in;1241522459
18;-63.11036307473729;175.21723449995392;Kali Hessel:35,Charlotte Ortiz:92,Arvid O'Reilly:66,Tanner Rice:85,Josefina Klocko I:93,Lane Bashirian:46;totam,ad,officia,autem,iure,soluta,vel,aperiam,ut,magni;755810547
69;-62.323049997804375;178.31966639784775;Dr. Opal Nicolas:80,Carolyn Torphy:30,Ms. Velma Cassin:93,Georgette Metz:31,Thea Grant Sr.:43,Estefania Kuhlman:41,Lee Morar:9,Vernie Braun:11;enim,occaecati,nihil,dolores,illum,ea,perferendis,enim,voluptatem;605890298
54;70.9253200351674;-36.36622433950052;Dr. Waylon Treutel:58,Saul Schoen:3,Ova Baumbach:75,Kavon Welch:13,Edna Emard II:56,Francisca Pacocha:99,Toy Emard DVM:32,Travis Jones:96,Anais Reichert:70;qui,voluptatem,officiis,quis,quo,fugiat,numquam,veniam;836545509
16;27.347689953780005;116.09523437457665;Millie Dietrich:9,Herbert Goodwin:52,Loma Marquardt Jr.:57,Isabell Waelchi:67,Naomie Quitzon:48,Ruby Ryan:86,Patricia Collins:0,Alisha Langworth:1,Emiliano Kilback:26;sit,eum;1074732401
20;20.08961496101209;134.88700859455224;Aliyah Hauck PhD:87,Ms. Dewitt Abshire:94,Caitlyn Feil:47,Dr. Clifford Streich:26,Romaine Renner:90,Ona Ferry:85,Jasper Durgan MD:20;perspiciatis,est,nihil,expedita,aut;546257676
120;5.696924475835871;-24.808554810236558;Jairo Pollich:32,Mrs. Tia Ortiz:25,Reyes Nienow Sr.:92,Carol Reichel:62,Mr. Manuel Ernser:66,Imelda Stark:58,Ulices Wiegand:93,Hilda Waters:100;dolores,unde;1089543741
33;88.9330463233292;19.675331811477207;Miss Zane Lang:11,Eladio Predovic:21,Hattie Gottlieb Sr.:19,Sienna Bechtelar:13;natus,molestias;495712084
25;6.660483872034192;42.77113957808828;Ms. Efrain Cartwright:23,Dr. Imani Haley:0,Miss Felipe Jast:90,Flossie Leannon:29,Osbaldo Ryan:83;eos,sit,vel,perspiciatis,impedit,voluptatum,voluptas;959951524
108;-69.38579118565698;103.09656691100179;Javon Bernhard:94,Nico Toy:39,Schuyler Mueller:97,Ms. Michael Monahan:65;qui,voluptate,voluptas,quia,suscipit,sequi,velit,rerum,tenetur,neque;677852829
33;76.57633101139453;31.525932674318426;Misael Sawayn:38,Oswaldo Heathcote:51,Kellie Gorczany:46,Jack Runolfsdottir:7,Michale Johnson:3,Jessy Lindgren:86,Lemuel Buckridge:5,Connie Blick V:1,Melisa Brakus:40,Dr. Evangeline Connelly:99,Brooks Stoltenberg DVM:13;ab,et,aut,commodi;704769722
92;-51.55247701280078;74.30173525919159;Nathan Borer V:91,Janie Zemlak:67,Reginald Schmidt:95,Ms. Fay Gerhold:28,Miss Missouri Schmeler:10,Miss Otilia Torphy:5,Fidel Durgan:41,Ms. Dexter Koepp:24,Daron Murphy:60,Tevin Little:19;voluptas,vel;830879458
0;65.24501909307324;-38.07861093074956;Candida Haag:74,Ms. Meghan Goyette:4,Wayne Schamberger:50,Gayle Gorczany:95,Naomi Rohan:48;et,corrupti,vel,nam,sit;361498820
70;-5.92909736752955;158.87852722718037;Miss Beulah Schmeler:69,Krista Metz II:57;et,assumenda,officiis,iure,non,quaerat,culpa;340004426
9;51.76519958772127;-70.77203968045922;Noemy Marks:58,Celine Beahan:17,Herminio Torp:31,Miss Retha Veum:38;ipsam,deserunt,sunt,et;997797526
53;-51.03349015535446;-61.91652295030097;Jeffrey Pfannerstill V:85,Jack Beahan Sr.:99,Barton Cremin:35,Pablo Medhurst III:50,Mr. Tracey Skiles:2;nam,sint,numquam;112541995
94;-13.433815974087864;49.15783767663095;Emie Tillman:43,Adele Bechtelar:40,David Breitenberg:10,Sandy Klein:4,Laurianne Larkin:88,Elva Herman IV:51,Donny Swaniawski:91,Verner Hahn:41,Oceane Moore:79,Herminio Dickinson:35,Geoffrey Vandervort:75;assumenda,porro,eum,suscipit;597865521
95;-52.31124922942279;160.19061127428398;Ms. Domenico Hagenes:64,Benedict Kilback:31,Gloria Reynolds:86,Rose Ratke:6;eum,delectus,pariatur,mollitia,officia,rerum;1017401236
86;8.685103113019167;98.2551285630671;Dr. Chasity Corkery:16,Terrill DuBuque:22,Birdie Nitzsche:46,Mabel Rempel:75,Dianna Zulauf:81,Catalina Hahn PhD:4,Estefania Cole:31,Vesta Kuhn III:58,Michelle Block:60;voluptates,dolorem,totam,velit,repudiandae,nihil;204537118
106;-32.322568602244424;55.165768561199684;Barry Haley DDS:95,Cayla Schroeder:81,Muhammad Davis:90,Ike Treutel:94,Jerrell Bergnaum:19,Mr. Marietta Herman:66,Stanton Reynolds:16;illo,enim,qui,qui,ut,debitis,itaque,iusto;329672853
38;-82.3434528392421;36.0233938176151;Beth Feeney:19,Laurel Ernser:33;id,velit,voluptatem,reiciendis,voluptatem,eos,molestiae;106342289
3;-31.87674740385112;159.81727728107023;Mrs. Joel Abshire:100,Tressie King DVM:87,Dino Luettgen MD:78,Miss Krystel Torp:79,Dennis Heidenreich:65,Sarina Daniel V:31,Bobbie Bartell:21,Doyle McDermott:0,Quinton Wilkinson:72;ex,nihil,odit,aut,quae,consequuntur;143522484
47;39.54441591279334;85.73758732549459;Maryse Hickle:59,Mr. Harrison Simonis:5,Ms. Meghan Treutel:61,Kristoffer Wisoky:78,Dr. Elias Kiehn:1,Hildegard Abbott:94,Giuseppe Leffler:95,Dale Zieme:92,Adrain Gulgowski:90;quod,ipsam,molestiae;523406355
63;9.480103827378315;103.0635495712811;Kari Spencer MD:39,Makenna Abbott:16,Kadin Willms:86,Phyllis Leuschke III:83,Pietro Kunde:13,Westley Stroman Jr.:91,Miss Mittie Bernhard:14;eos,velit;1003383352
115;42.695975258775576;173.07050457894178;Ms. Pattie Raynor:61,Lloyd White:59,Helmer Blick V:67,Emelie Romaguera:44,Dr. Candace Funk:100;deserunt,est,enim,unde,consequatur,doloribus;102184748
25;-60.07061285549028;-50.0075723700559;Sarai Hodkiewicz:91,Jakob Koelpin:8,Megane Renner:56,Brant Schinner:71,Angelo Howell:5,Mr. Colt Friesen:84,Dock Herzog:53,Flavie Conn:39,Cristal Stracke:56,Jacinthe Langosh DVM:14,Ms. Luciano Mertz:44;ab,excepturi,aliquid,repellendus,itaque,earum,cumque,in;1451325144
113;-15.518286305775476;-54.143577200427444;Bobbie Ondricka:56,Davon Abshire:54,Dolores Moen:42;quia,animi,quia,pariatur,cumque,id;705949297
