"15|27.112097536567248|-48.1502299393556|Diamond Kemmer:10;Lane Bogan:10|corporis;enim;corrupti;aperiam;omnis;praesentium;enim|Fr:23"
19,82.2239159530827,43.463115870848725,Yadira Dickinson II:40;Miss Edmond Konopelski:33;Amani Treutel:25;Marjorie Paucek:98;Rodrick Barrows:87;Darius Wolf:4;Miss Cathryn Aufderhar:97;Melvina Skiles:57,blanditiis;rem;amet;accusantium;minus;eaque;in;nihil;unde;accusamus,Th:11
103,73.57579573265414,54.04855661745097,Romaine Sauer:46;Kenna McClure:20;Libbie Hagenes:9;Daisha Kuhlman:71;Brett Orn:95;Rudolph Towne:43;Trudie Streich Sr.:88,ea;est;porro;nisi;voluptate;ducimus;suscipit;odit;ad;magnam,Sa:2
60,32.845067103692855,-161.42931400974777,Rashawn Runte Jr.:8;Mr. Mathilde Parisian:63;Mia Zulauf:49;Alexys Shields:56;Eldridge Gutmann II:70;Mrs. Annamae Hahn:73;Vance Kuphal:75;Halle Zemlak:36;Mr. Alden Grant:73;Karlie Wisozk PhD:91;Mrs. Britney Heidenreich:67,necessitatibus;a;quod;qui;ullam;debitis,We:3
32,-65.24952659260084,-126.43115726562266,Rhoda Stiedemann:60;Kayden Paucek:85,porro;eveniet;sed;est;sit;sint;sit;provident;deleniti;a,Fr:0
57,19.367203760847275,-157.78861779894623,Abraham Conroy:91;Brandon Nader:72;Giles Klocko:90;Hobart Kilback:85,dolorum;alias,We:17
21,14.606877134619694,6.376538965045626,Mr. Ryder Schroeder:92;Velva Moore:2,explicabo;aut;perspiciatis,Th:17
10,53.30768473987132,-28.54498105618825,David Miller:46;Ellsworth Gaylord:82;Laurence Tromp:75;Alice Bartoletti:81;Rodolfo Stamm:80;Cornell Effertz:59;Rosalee Lang III:20;Sarina Dooley:87;Vincent Bogisich:73;Herta Dibbert:3,vel,Tu:5
114,34.53985456476168,14.089271149104178,Demarcus Hamill:97;Ramona Muller:25;Coy Dietrich:7;Octavia Prosacco:52;Mrs. Geraldine Wuckert:32;Katelynn King:91;Dell Hodkiewicz:35;Krystel Dickinson:66;Dejah Pfannerstill DDS:40,est;ab;est;dolores;sed;delectus;aut,Tu:9
48,-8.157177229565661,152.69452539882394,Lance Greenholt:2;Kiarra Dietrich:97;Janet Hickle:65,et;quasi;quasi;dicta;porro;illo;aspernatur,Fr:13
58,55.72354731266961,68.55698706322363,Arne Koelpin:88;Adrian Lubowitz:8;Joanne Auer:50;Hildegard Skiles:47,enim;deserunt,Tu:16
80,75.74050041070916,114.9003508948141,Isobel Keeling:82;Miss Clare Funk:84;Amina Wiza II:63;Leonardo Powlowski:30;Garret Champlin:85;Tommie Prohaska:8;Ms. Katrina Lakin:70;Jairo Davis:31;Mr. Emery Mayer:84,tenetur;error;explicabo;quas,Sa:17
66,59.539034206373884,158.1285495723597,Minerva Tillman:55;Joanie Koelpin:81;Pink Kautzer:91;Ivory Upton:39,asperiores,Fr:1
32,-5.150819521321466,-20.007821960792796,Ericka Zemlak:76;Maxime Harber:77;Mr. Agustin Stoltenberg:74;Sonny Jerde:79;Marques Auer:48;Horace Weber:36;Kennedi Bechtelar:15;Mr. Rosendo Koepp:91;Brandt Marquardt:53;Rodrick Gaylord Sr.:3;Alessia Sporer:71,nihil;tempora;accusantium;dolor;laborum,We:1
82,68.55488161389636,-16.699523081405687,Stewart Fritsch MD:76;Tierra Williamson:29;Grace Will:69;Elise Gibson DVM:1;Mr. Sandy Williamson:100;Dr. Maybell Swift:41;Cortez Mante:69,saepe;optio;minus,Th:23
41,22.148862677721226,-19.107912764313483,Miss Flavie Krajcik:54;Miss Ryan Vandervort:68;Francis Shanahan II:99;Wilfrid Kilback:40;Lloyd Weimann:1,quia;fuga;ipsa;amet;aut;ab;enim;qui,Th:17
44,48.01479983484367,14.722125260101706,Zoie Crist:45;Sonya Bode:39;Paula Gerlach:9;Tania Metz:54;Otho Pfannerstill:44;Kali Kohler:13;Ms. Mara Green:76;Mr. Karen Kozey:55;Jewell Lang:85,incidunt;consequatur,Su:15
29,-1.0927406993319266,42.30804622630586,Viviane Hilpert:84;Lennie O'Conner:30;Price Tromp DDS:57;Madeline Kautzer:31;Austin Hermann:27;Carley Barton:95;Twila Hoeger:41;Carli Green:97;Ms. Alicia Lubowitz:38;Lloyd Kessler:94,asperiores;ab;sed,We:16
7,88.6500252701303,116.62353788168673,Kamryn Gulgowski:25;Benton Goyette:47;Ms. Israel Oberbrunner:45,vel,Mo:8
53,53.765790422103606,82.2708763392821,Danielle Wolff DDS:59;Lauretta Friesen:91;Koby Altenwerth:13;Mr. Anais Hudson:100;Anabel Keebler Jr.:93;Christiana Stokes:63,impedit;sed;natus;architecto;quia;velit;facilis,We:2
28,65.99092536608589,-105.83081465683118,Judah Stanton:16;Meagan Rosenbaum:82;Uriel Brekke III:24,placeat;dicta;ut;autem;sed;consequuntur;quis;perferendis;est;ut,We:23
116,-31.41157326285437,16.672574676955094,Mr. Eudora Sporer:35;Garfield Vandervort:90;Quinton Howell DDS:81;Gage Ziemann:81;Jeromy Wyman:12;Destiny Littel:55;Dr. April Dickinson:29;Zion Lemke II:64;Rey Schmeler:59;Sammie Predovic:83;Kattie Pacocha:25,sed;quos;occaecati;consequatur;dolores,Th:4
93,11.152863249143053,-94.77881997458024,Leland Grady:51;Wellington Bruen:27;Faustino Trantow:97;Amelia Jacobson:29;Hazel Bruen:61;Matilde Keebler:4,voluptas;odit;est;et;mollitia,Th:13
75,85.47265333545565,174.23085469913633,Monty Smith:83;Ward Roob:100;Sherwood Orn:13;Chadrick Spencer:41;Rylan Roob:29,et;in;eligendi;fugit;quis;expedita;voluptatem;consequuntur,We:8
74,-40.800667954623954,-22.721105536475562,Adelbert Hackett MD:95;Mr. Fiona Marks:43;Adriana Herman:50;Earlene Lindgren:38,sint;eaque;sed;modi;et;veritatis;adipisci,Th:7
93,16.328859216975246,120.17438894045421,Johan Mills II:39;Mrs. Jakob Wisoky:96;Hilda Larson:17,rerum;reiciendis,Tu:15
103,12.505986431754366,-32.69486177701745,Savion Hickle:64;Krystal Kirlin:1;Krystel Bogisich:28;Katarina Douglas:29;Bradford Boehm:65;Fae Kuhn:93;Robb Reichert:32;Dr. Henderson Toy:90;Dr. Mohammed Pouros:97;Damaris Huels:48;Eldred Murray:48,mollitia;quibusdam;et;quis;corporis;eaque,Su:4
105,30.9175388780546,-144.73922624500426,Grover Lubowitz:14;Chloe Becker:56;Robert Miller:18;Dr. Elfrieda Wolf:74;Cielo Mitchell:1;Marilyne Rowe:96;Dr. Harmon Von:79;Dr. Schuyler Muller:0;Odie Stehr:18,aliquid;labore;deleniti;architecto;ex;fugiat;aliquam;velit,Mo:19
9,27.367258546788463,-140.66220104491583,Isabella Romaguera:12;Hellen O'Hara:30;Krystel Haag:66;Dr. Candelario McClure:99;Petra Goodwin MD:3;Leo Labadie:8,facilis;rerum;ad;sed;possimus;voluptatem;aspernatur;molestiae;commodi;omnis,Su:12
25,3.3388288096955137,78.281289241065,Ernestine Osinski:6;Henriette Mosciski:85;Jacklyn Monahan:79;Andre Larson:76;Heather Willms:55;Jake Cruickshank:60;Miss Asia Weimann:23;Arlene Harris:34;Wilhelmine Jacobson PhD:65,rerum;eum;laudantium;delectus;nostrum;accusamus;quis;dignissimos,Th:10
33,15.418606115226623,-33.79028729668494,Dana Roob:4;Elmira Dickens:88;Chadrick Fadel:70,saepe;pariatur;voluptas,We:6
87,3.5912575657001327,72.836842295337,Kaylah Roberts:91;Leon Larkin:15;Don Ruecker:44;Judy Kris:98;Jaylin Lindgren:51;Victoria Anderson:48;Keven Schuppe:61;Jeromy Schmeler:55,temporibus;facilis;iusto,We:11
5,72.35520978723599,-59.59014707908162,Mr. Dalton Price:54;Roma Boyer:29;Prince Hudson III:69;Mike Raynor PhD:25;Oceane Lesch:41;Breana Dicki:73,ut;distinctio;omnis;sint;expedita;voluptatem;accusamus;fugiat,Th:2
7,-18.2630645133531,-8.110937549272904,Nigel Ryan DDS:70;Mozelle Kilback:11;Dr. Spencer Schuster:9;Sven Lubowitz:91;Jennings Kessler I:63;Zechariah Kassulke:36;Giles Littel:7,aut;aut;facilis;quo;sunt;facilis,Th:14
118,-12.81327152240894,-81.08305853592893,Erika Sanford:84;Lew Dietrich:40;Angelica Kshlerin IV:25;Caesar Larkin:38;Jodie West:48;Laurence Dach:21,et;laudantium;autem;minus;dolorum,Fr:0
12,-62.07349328006609,-77.372057220472,Erna Homenick:48;Kenneth Mraz:42;Jan Cole:67;Miss Eric Monahan:17;Maia Ebert:96;Joelle Dare MD:97,beatae;voluptatem;nemo;quibusdam,We:17
24,38.676446914512894,-110.48456968035715,Theodora Hickle:58;Shania Kilback:67;Natasha Gerhold:58,commodi;qui;in;ipsam;ut;molestiae,We:18
88,61.65909822786767,-15.469582118756222,Ms. Pamela Sawayn:63;Yesenia Schaden:69;Paolo Trantow III:65;Priscilla Kihn:87;Jeffrey Morar Sr.:65;Ken Schowalter:13;Oswald Boyer:45;Jeromy Lowe:48;Tomas Emard:5,doloribus;iusto;fugit;nihil,Sa:22
80,-25.454765376693814,8.056523895019637,Nicola Hilll:26;Vinnie Kulas:17;Vincent Zboncak:34;Ms. Esther Friesen:93;Judy Lueilwitz:74;Mrs. Carlie Balistreri:26;Tressa Emmerich:25;Jeanne Bartoletti:89;Dee Wunsch II:82,nulla;ut;ex;voluptatem;at;omnis;consequatur;eius,Tu:12
94,8.144563030241528,-54.906635873703635,Ms. Anahi Lang:58;Vincenza Torp Jr.:9;Colin Leffler II:96;Maxine Paucek:21;Lance Wisoky:60;Clovis Christiansen:71;Lou Hudson II:31;Gudrun Waters Jr.:25;Dr. Tod Jacobi:2;Wilhelmine Rau DVM:52,ipsum;quos;nihil;vel;voluptatum;aut;nisi;dolor;qui,We:20
93,37.98488637402643,-10.773568192392332,Terrance Hickle:83;Dr. Jeffery Bailey:18;Dr. Enrique Beier:92;Danielle Stamm:97;Rudy Reynolds:28;Julianne Schulist:81;Cade Kling:55;Mae Bins:57,est;beatae;hic;ducimus;exercitationem;qui,Mo:5
113,-63.429266967998835,31.610560526949115,Ms. Emmy Fadel:5;Adolphus Zboncak:98;Lucio Lehner Jr.:40;Dr. Rebekah Ratke:32;Willow Gerlach:62;Mrs. Jayde Reilly:92;Rudy Padberg:99;Katelin Dicki:81,laudantium;ad;aliquam;corrupti,Fr:3
17,-34.11780702072385,-87.91824422289682,Olaf Koelpin Sr.:96;Delphine Cormier:30,impedit;harum;ut;magnam;a;ullam;velit;quos;dolorem,Th:9
115,79.22857405904486,-45.99334685932149,Lexi Williamson:37;Miss Lauretta Lehner:67;Maverick McDermott:15;Dante Yundt:6;Katlynn Zboncak:45;Miss Aurelie Kozey:81;Coleman Kohler Jr.:45;Taryn Johns:80;Lavada Baumbach:86;Bernadette Orn:29,vitae;autem;distinctio;laboriosam,Fr:20
